,DateTime
01-02-2023 02:25,2023-02-01 02:25:40
01-02-2023 11:21,2023-02-01 11:21:28
01-02-2023 14:55,2023-02-01 14:55:33
01-02-2023 21:55,2023-02-01 21:55:19
02-02-2023 00:09,2023-02-02 00:09:16
02-02-2023 01:42,2023-02-02 01:42:33
02-02-2023 03:35,2023-02-02 03:35:05
02-02-2023 06:30,2023-02-02 06:30:30
02-02-2023 18:14,2023-02-02 18:14:51
02-02-2023 22:58,2023-02-02 22:58:01
02-02-2023 22:59,2023-02-02 22:59:35
03-02-2023 14:47,2023-02-03 14:47:23
03-02-2023 20:47,2023-02-03 20:47:45
04-02-2023 02:55,2023-02-04 02:55:22
04-02-2023 07:37,2023-02-04 07:37:55
04-02-2023 09:33,2023-02-04 09:33:12
04-02-2023 13:33,2023-02-04 13:33:09
04-02-2023 14:35,2023-02-04 14:35:49
04-02-2023 14:44,2023-02-04 14:44:17
04-02-2023 17:00,2023-02-04 17:00:09
04-02-2023 22:20,2023-02-04 22:20:51
05-02-2023 04:05,2023-02-05 04:05:01
05-02-2023 04:58,2023-02-05 04:58:17
05-02-2023 15:53,2023-02-05 15:53:54
05-02-2023 17:24,2023-02-05 17:24:57
05-02-2023 17:30,2023-02-05 17:30:10
05-02-2023 21:50,2023-02-05 21:50:03
06-02-2023 04:01,2023-02-06 04:01:30
06-02-2023 11:40,2023-02-06 11:40:49
07-02-2023 02:14,2023-02-07 02:14:08
07-02-2023 05:44,2023-02-07 05:44:27
07-02-2023 19:11,2023-02-07 19:11:24
07-02-2023 20:32,2023-02-07 20:32:23
08-02-2023 03:07,2023-02-08 03:07:04
08-02-2023 10:07,2023-02-08 10:07:55
08-02-2023 17:03,2023-02-08 17:03:07
09-02-2023 02:28,2023-02-09 02:28:39
09-02-2023 02:51,2023-02-09 02:51:40
09-02-2023 03:30,2023-02-09 03:30:03
09-02-2023 05:18,2023-02-09 05:18:44
09-02-2023 09:50,2023-02-09 09:50:11
09-02-2023 10:10,2023-02-09 10:10:17
10-02-2023 00:39,2023-02-10 00:39:52
10-02-2023 00:51,2023-02-10 00:51:12
10-02-2023 08:23,2023-02-10 08:23:50
10-02-2023 11:42,2023-02-10 11:42:00
10-02-2023 12:07,2023-02-10 12:07:03
10-02-2023 13:41,2023-02-10 13:41:41
11-02-2023 04:12,2023-02-11 04:12:23
11-02-2023 08:50,2023-02-11 08:50:06
11-02-2023 09:24,2023-02-11 09:24:57
11-02-2023 09:55,2023-02-11 09:55:16
11-02-2023 12:47,2023-02-11 12:47:28
11-02-2023 22:06,2023-02-11 22:06:42
11-02-2023 23:33,2023-02-11 23:33:25
12-02-2023 02:43,2023-02-12 02:43:37
12-02-2023 03:36,2023-02-12 03:36:48
12-02-2023 06:55,2023-02-12 06:55:40
12-02-2023 07:43,2023-02-12 07:43:27
12-02-2023 11:33,2023-02-12 11:33:58
12-02-2023 16:00,2023-02-12 16:00:01
12-02-2023 19:16,2023-02-12 19:16:32
12-02-2023 19:45,2023-02-12 19:45:00
12-02-2023 21:29,2023-02-12 21:29:40
12-02-2023 21:53,2023-02-12 21:53:13
13-02-2023 00:11,2023-02-13 00:11:36
13-02-2023 06:18,2023-02-13 06:18:15
13-02-2023 08:35,2023-02-13 08:35:01
13-02-2023 11:38,2023-02-13 11:38:35
13-02-2023 21:50,2023-02-13 21:50:29
14-02-2023 11:18,2023-02-14 11:18:37
14-02-2023 18:19,2023-02-14 18:19:04
14-02-2023 20:52,2023-02-14 20:52:27
15-02-2023 04:17,2023-02-15 04:17:59
15-02-2023 08:24,2023-02-15 08:24:22
15-02-2023 09:40,2023-02-15 09:40:50
15-02-2023 16:08,2023-02-15 16:08:34
15-02-2023 21:19,2023-02-15 21:19:00
15-02-2023 21:56,2023-02-15 21:56:40
16-02-2023 00:49,2023-02-16 00:49:49
16-02-2023 01:00,2023-02-16 01:00:06
16-02-2023 03:59,2023-02-16 03:59:06
16-02-2023 04:12,2023-02-16 04:12:07
16-02-2023 07:04,2023-02-16 07:04:53
16-02-2023 13:55,2023-02-16 13:55:53
16-02-2023 17:40,2023-02-16 17:40:27
16-02-2023 17:56,2023-02-16 17:56:37
17-02-2023 02:45,2023-02-17 02:45:19
17-02-2023 06:32,2023-02-17 06:32:05
17-02-2023 07:51,2023-02-17 07:51:17
17-02-2023 12:12,2023-02-17 12:12:08
17-02-2023 15:01,2023-02-17 15:01:18
17-02-2023 17:04,2023-02-17 17:04:42
17-02-2023 20:08,2023-02-17 20:08:15
17-02-2023 21:16,2023-02-17 21:16:58
17-02-2023 21:26,2023-02-17 21:26:48
17-02-2023 22:06,2023-02-17 22:06:00
17-02-2023 23:24,2023-02-17 23:24:06
18-02-2023 04:00,2023-02-18 04:00:42
18-02-2023 07:17,2023-02-18 07:17:31
18-02-2023 21:45,2023-02-18 21:45:27
18-02-2023 22:10,2023-02-18 22:10:04
18-02-2023 22:57,2023-02-18 22:57:14
20-02-2023 08:55,2023-02-20 08:55:38
20-02-2023 18:47,2023-02-20 18:47:33
20-02-2023 23:20,2023-02-20 23:20:15
20-02-2023 00:18,2023-02-20 00:18:59
